,Название фильма,Ссылка,Рейтинг,Количество человек,Директор,В главных ролях,Год,Страна,Тип
0,肖申克的救赎 / The Shawshank Redemption / 月黑高飞(港)  /  刺激1995(台),https://movie.douban.com/subject/1292052/,9.7,2716681,导演: 弗兰克·德拉邦特 Frank Darabont,主演: 蒂姆·罗宾斯 Tim Robbins /...,1994,美国,犯罪 剧情
1,霸王别姬 / 再见，我的妾  /  Farewell My Concubine,https://movie.douban.com/subject/1291546/,9.6,2013524,导演: 陈凯歌 Kaige Chen,主演: 张国荣 Leslie Cheung / 张丰毅 Fengyi Zha...,1993,中国大陆 中国香港,剧情 爱情 同性
2,阿甘正传 / Forrest Gump / 福雷斯特·冈普,https://movie.douban.com/subject/1292720/,9.5,2038551,导演: 罗伯特·泽米吉斯 Robert Zemeckis,主演: 汤姆·汉克斯 Tom Hanks / ...,1994,美国,剧情 爱情
3,泰坦尼克号 / Titanic / 铁达尼号(港 / 台),https://movie.douban.com/subject/1292722/,9.4,1997881,导演: 詹姆斯·卡梅隆 James Cameron,主演: 莱昂纳多·迪卡普里奥 Leonardo...,1997,美国 墨西哥 澳大利亚 加拿大,剧情 爱情 灾难
4,这个杀手不太冷 / Léon / 终极追杀令(台)  /  杀手莱昂,https://movie.douban.com/subject/1295644/,9.4,2180357,导演: 吕克·贝松 Luc Besson,主演: 让·雷诺 Jean Reno / 娜塔莉·波特曼 ...,1994,法国 美国,剧情 动作 犯罪
5,美丽人生 / La vita è bella / 一个快乐的传说(港)  /  Life Is Beautiful,https://movie.douban.com/subject/1292063/,9.6,1251492,导演: 罗伯托·贝尼尼 Roberto Benigni,主演: 罗伯托·贝尼尼 Roberto Beni...,1997,意大利,剧情 喜剧 爱情 战争
6,千与千寻 / 千と千尋の神隠し / 神隐少女(台)  /  千与千寻的神隐,https://movie.douban.com/subject/1291561/,9.4,2114371,导演: 宫崎骏 Hayao Miyazaki,主演: 柊瑠美 Rumi Hîragi / 入野自由 Miy...,2001,日本,剧情 动画 奇幻
7,辛德勒的名单 / Schindler's List / 舒特拉的名单(港)  /  辛德勒名单,https://movie.douban.com/subject/1295124/,9.6,1044277,导演: 史蒂文·斯皮尔伯格 Steven Spielberg,主演: 连姆·尼森 Liam Neeson...,1993,美国,剧情 历史 战争
8,盗梦空间 / Inception / 潜行凶间(港)  /  全面启动(台),https://movie.douban.com/subject/3541415/,9.4,1949813,导演: 克里斯托弗·诺兰 Christopher Nolan,主演: 莱昂纳多·迪卡普里奥 Le...,2010,美国 英国,剧情 科幻 悬疑 冒险
9,星际穿越 / Interstellar / 星际启示录(港)  /  星际效应(台),https://movie.douban.com/subject/1889243/,9.4,1667307,导演: 克里斯托弗·诺兰 Christopher Nolan,主演: 马修·麦康纳 Matthew Mc...,2014,美国 英国 加拿大,剧情 科幻 冒险
10,忠犬八公的故事 / Hachi: A Dog's Tale / 秋田犬八千(港)  /  忠犬小八(台),https://movie.douban.com/subject/3011091/,9.4,1329484,导演: 莱塞·霍尔斯道姆 Lasse Hallström,主演: 理查·基尔 Richard Ger...,2009,美国 英国,剧情
11,楚门的世界 / The Truman Show / 真人Show(港)  /  真人戏,https://movie.douban.com/subject/1292064/,9.3,1575037,导演: 彼得·威尔 Peter Weir,主演: 金·凯瑞 Jim Carrey / 劳拉·琳妮 Lau...,1998,美国,剧情 科幻
12,海上钢琴师 / La leggenda del pianista sull'oceano / 声光伴我飞(港)  /  一九零零的传奇,https://movie.douban.com/subject/1292001/,9.3,1588345,导演: 朱塞佩·托纳多雷 Giuseppe Tornatore,主演: 蒂姆·罗斯 Tim Roth / ...,1998,意大利,剧情 音乐
13,三傻大闹宝莱坞 / 3 Idiots / 三个傻瓜(台)  /  作死不离3兄弟(港),https://movie.douban.com/subject/3793023/,9.2,1764895,导演: 拉库马·希拉尼 Rajkumar Hirani,主演: 阿米尔·汗 Aamir Khan / 卡...,2009,印度,剧情 喜剧 爱情 歌舞
14,机器人总动员 / WALL·E / 太空奇兵·威E(港)  /  瓦力(台),https://movie.douban.com/subject/2131459/,9.3,1247744,导演: 安德鲁·斯坦顿 Andrew Stanton,主演: 本·贝尔特 Ben Burtt / 艾丽...,2008,美国,科幻 动画 冒险
15,放牛班的春天 / Les choristes / 歌声伴我心(港)  /  唱诗班男孩,https://movie.douban.com/subject/1291549/,9.3,1230613,导演: 克里斯托夫·巴拉蒂 Christophe Barratier,主演: 让-巴蒂斯特·莫尼...,2004,法国 瑞士 德国,剧情 喜剧 音乐
16,无间道 / 無間道 / Infernal Affairs  /  Mou gaan dou,https://movie.douban.com/subject/1307914/,9.3,1268044,导演: 刘伟强 / 麦兆辉,主演: 刘德华 / 梁朝伟 / 黄秋生,2002,中国香港,剧情 犯罪 惊悚
17,疯狂动物城 / Zootopia / 优兽大都会(港)  /  动物方城市(台),https://movie.douban.com/subject/25662329/,9.2,1796950,导演: 拜伦·霍华德 Byron Howard / 瑞奇·摩尔 Rich Moore,主演: 金妮弗·...,2016,美国,喜剧 动画 冒险
18,大话西游之大圣娶亲 / 西遊記大結局之仙履奇緣 / 西游记完结篇仙履奇缘  /  齐天大圣西游记,https://movie.douban.com/subject/1292213/,9.2,1449148,导演: 刘镇伟 Jeffrey Lau,主演: 周星驰 Stephen Chow / 吴孟达 Man Tat Ng...,1995,中国香港 中国大陆,喜剧 爱情 奇幻 古装
19,控方证人 / Witness for the Prosecution / 雄才伟略  /  情妇,https://movie.douban.com/subject/1296141/,9.6,496904,导演: 比利·怀尔德 Billy Wilder,主演: 泰隆·鲍华 Tyrone Power / 玛琳·...,1957,美国,剧情 犯罪 悬疑
20,熔炉 / 도가니 / 无声呐喊(港)  /  漩涡,https://movie.douban.com/subject/5912992/,9.4,882161,导演: 黄东赫 Dong-hyuk Hwang,主演: 孔侑 Yoo Gong / 郑有美 Yu-mi Jung /...,2011,韩国,剧情
21,教父 / The Godfather / Mario Puzo's The Godfather,https://movie.douban.com/subject/1291841/,9.3,904626,导演: 弗朗西斯·福特·科波拉 Francis Ford Coppola,主演: 马龙·白兰度 M...,1972,美国,剧情 犯罪
22,当幸福来敲门 / The Pursuit of Happyness / 寻找快乐的故事(港)  /  追求快乐,https://movie.douban.com/subject/1849031/,9.2,1438850,导演: 加布里尔·穆奇诺 Gabriele Muccino,主演: 威尔·史密斯 Will Smith ...,2006,美国,剧情 传记 家庭
23,触不可及 / Intouchables / 闪亮人生(港)  /  逆转人生(台),https://movie.douban.com/subject/6786002/,9.3,1027047,导演: 奥利维·那卡什 Olivier Nakache / 艾力克·托兰达 Eric Toledano,主...,2011,法国,剧情 喜剧
24,怦然心动 / Flipped / 萌动青春  /  青春萌动,https://movie.douban.com/subject/3319755/,9.1,1729752,导演: 罗伯·莱纳 Rob Reiner,主演: 玛德琳·卡罗尔 Madeline Carroll / 卡...,2010,美国,剧情 喜剧 爱情
25,龙猫 / となりのトトロ / 邻居托托罗  /  邻家的豆豆龙,https://movie.douban.com/subject/1291560/,9.2,1194811,导演: 宫崎骏 Hayao Miyazaki,主演: 日高法子 Noriko Hidaka / 坂本千夏 Ch...,1988,日本,动画 奇幻 冒险
26,末代皇帝 / The Last Emperor / 末代皇帝溥仪(港),https://movie.douban.com/subject/1293172/,9.3,815230,导演: 贝纳尔多·贝托鲁奇 Bernardo Bertolucci,主演: 尊龙 John Lone / 陈...,1987,英国 意大利 中国大陆 法国,剧情 传记 历史
27,寻梦环游记 / Coco / 玩转极乐园(港)  /  可可夜总会(台),https://movie.douban.com/subject/20495023/,9.1,1553965,导演: 李·昂克里奇 Lee Unkrich / 阿德里安·莫利纳 Adrian Molina,主演: ...,2017,美国,喜剧 动画 奇幻 音乐
28,蝙蝠侠：黑暗骑士 / The Dark Knight / 蝙蝠侠前传2：黑暗骑士  /  黑暗骑士(台),https://movie.douban.com/subject/1851857/,9.2,997598,导演: 克里斯托弗·诺兰 Christopher Nolan,主演: 克里斯蒂安·贝尔 Christ...,2008,美国 英国,剧情 动作 科幻 犯罪 惊悚
29,活着 / 人生  /  Lifetimes,https://movie.douban.com/subject/1292365/,9.3,785339,导演: 张艺谋 Yimou Zhang,主演: 葛优 You Ge / 巩俐 Li Gong / 姜武 Wu Jiang,1994,中国大陆 中国香港,剧情 历史 家庭
30,哈利·波特与魔法石 / Harry Potter and the Sorcerer's Stone / 哈利波特1：神秘的魔法石(港 / 台) ,https://movie.douban.com/subject/1295038/,9.2,1097920,导演: Chris Columbus,主演: Daniel Radcliffe / Emma Watson / Rupert Grint,2001,美国 英国,奇幻 冒险
31,指环王3：王者无敌 / The Lord of the Rings: The Return of the King / 魔戒三部曲：王者再临(台 / 港) ,https://movie.douban.com/subject/1291552/,9.3,755859,导演: 彼得·杰克逊 Peter Jackson,主演: 伊利亚·伍德 Elijah Wood / 西恩...,2003,美国 新西兰,剧情 动作 奇幻 冒险
32,乱世佳人 / Gone with the Wind / 飘,https://movie.douban.com/subject/1300267/,9.3,650454,导演: 维克多·弗莱明 Victor Fleming / 乔治·库克 George Cukor,主演: 费...,1939,美国,剧情 历史 爱情 战争
33,素媛 / 소원 / 许愿  /  希望：为爱重生(台),https://movie.douban.com/subject/21937452/,9.3,643788,导演: 李濬益 Jun-ik Lee,主演: 薛景求 Kyung-gu Sol / 严志媛 Ji-won Uhm ...,2013,韩国,剧情
34,飞屋环游记 / Up / 冲天救兵(港)  /  天外奇迹(台),https://movie.douban.com/subject/2129039/,9.1,1250302,导演: 彼特·道格特 Pete Docter / 鲍勃·彼德森 Bob Peterson,主演: 爱德...,2009,美国,剧情 喜剧 动画 冒险
35,我不是药神 / 中国药神  /  印度药神,https://movie.douban.com/subject/26752088/,9.0,1981269,导演: 文牧野 Muye Wen,主演: 徐峥 Zheng Xu / 王传君 Chuanjun Wang / 周...,2018,中国大陆,剧情 喜剧
36,摔跤吧！爸爸 / Dangal / 我和我的冠军女儿(台)  /  打死不离3父女(港),https://movie.douban.com/subject/26387939/,9.0,1485521,导演: 涅提·蒂瓦里 Nitesh Tiwari,主演: 阿米尔·汗 Aamir Khan / 法缇玛...,2016,印度,剧情 传记 运动 家庭
37,何以为家 / كفرناحوم / 迦百农  /  星仔打官司(港),https://movie.douban.com/subject/30170448/,9.1,980866,导演: 娜丁·拉巴基 Nadine Labaki,主演: 扎因·拉费阿 Zain al-Rafeea / ...,2018,黎巴嫩 美国 法国 塞浦路斯 卡塔尔 英国,剧情
38,十二怒汉 / 12 Angry Men / 12怒汉  /  十二怒汉,https://movie.douban.com/subject/1293182/,9.4,454017,导演: Sidney Lumet,主演: 亨利·方达 Henry Fonda / 马丁·鲍尔萨姆 Marti...,1957,美国,剧情
39,哈尔的移动城堡 / ハウルの動く城 / 哈尔移动城堡(港)  /  霍尔的移动城堡(台),https://movie.douban.com/subject/1308807/,9.1,953137,导演: 宫崎骏 Hayao Miyazaki,主演: 倍赏千惠子 Chieko Baishô / 木村拓...,2004,日本,动画 奇幻 冒险
40,鬼子来了 / Devils on the Doorstep,https://movie.douban.com/subject/1291858/,9.3,587637,导演: 姜文 Wen Jiang,主演: 姜文 Wen Jiang / 香川照之 Teruyuki Kagawa /...,2000,中国大陆,剧情 喜剧
41,少年派的奇幻漂流 / Life of Pi / 少年Pi的奇幻漂流  /  漂流少年Pi,https://movie.douban.com/subject/1929463/,9.1,1282275,导演: 李安 Ang Lee,主演: 苏拉·沙玛 Suraj Sharma / 伊尔凡·可汗 Irrfan...,2012,美国 中国台湾 英国 加拿大,剧情 奇幻 冒险
42,猫鼠游戏 / Catch Me If You Can / 逍遥法外  /  捉智双雄(港),https://movie.douban.com/subject/1305487/,9.1,937755,导演: 史蒂文·斯皮尔伯格 Steven Spielberg,主演: 莱昂纳多·迪卡普里奥 L...,2002,美国 加拿大,传记 犯罪 剧情
43,让子弹飞 / 让子弹飞一会儿  /  火烧云,https://movie.douban.com/subject/3742360/,9.0,1592694,导演: 姜文 Wen Jiang,主演: 姜文 Wen Jiang / 葛优 You Ge / 周润发 Yun-F...,2010,中国大陆 中国香港,剧情 喜剧 动作 西部
44,大话西游之月光宝盒 / 西遊記第壹佰零壹回之月光寶盒 / 西游记101回月光宝盒  /  齐天大圣东游记,https://movie.douban.com/subject/1299398/,9.0,1154758,导演: 刘镇伟 Jeffrey Lau,主演: 周星驰 Stephen Chow / 吴孟达 Man Tat Ng...,1995,中国香港 中国大陆,喜剧 爱情 奇幻 古装
45,天空之城 / 天空の城ラピュタ / Tenkû no shiro Rapyuta  /  Laputa: Castle in the Sky,https://movie.douban.com/subject/1291583/,9.2,774665,导演: 宫崎骏 Hayao Miyazaki,主演: 田中真弓 Mayumi Tanaka / 横泽启子 Ke...,1986,日本,动画 奇幻 冒险
46,钢琴家 / The Pianist / 钢琴战曲(港)  /  战地琴人(台),https://movie.douban.com/subject/1296736/,9.3,581603,导演: 罗曼·波兰斯基 Roman Polanski,主演: 艾德里安·布洛迪 Adrien Brod...,2002,英国 法国 波兰 德国,剧情 传记 战争 音乐
47,指环王2：双塔奇兵 / The Lord of the Rings: The Two Towers / 魔戒二部曲：双城奇谋  /  指环王II：双塔,https://movie.douban.com/subject/1291572/,9.2,706764,导演: 彼得·杰克逊 Peter Jackson,主演: 伊利亚·伍德 Elijah Wood / 西恩...,2002,美国 新西兰,剧情 动作 奇幻 冒险
48,海蒂和爷爷 / Heidi / 飘零燕(港)  /  海蒂,https://movie.douban.com/subject/25958717/,9.3,536149,导演: 阿兰·葛斯彭纳 Alain Gsponer,主演: 阿努克·斯特芬 Anuk Steffen /...,2015,德国 瑞士,剧情 冒险 家庭
49,闻香识女人 / Scent of a Woman / 女人香  /  女人的芳香,https://movie.douban.com/subject/1298624/,9.1,825445,导演: 马丁·布莱斯 Martin Brest,主演: 阿尔·帕西诺 Al Pacino / 克里斯...,1992,美国,剧情
50,天堂电影院 / Nuovo Cinema Paradiso / 星光伴我心(港)  /  新天堂乐园(台),https://movie.douban.com/subject/1291828/,9.2,647609,导演: 朱塞佩·托纳多雷 Giuseppe Tornatore,主演: 菲利普·努瓦雷 Philipp...,1988,意大利 法国,剧情 爱情
51,罗马假日 / Roman Holiday / 金枝玉叶(港)  /  罗马假期(台),https://movie.douban.com/subject/1293839/,9.1,902801,导演: 威廉·惠勒 William Wyler,主演: 奥黛丽·赫本 Audrey Hepburn / 格...,1953,美国,喜剧 剧情 爱情
52,指环王1：护戒使者 / The Lord of the Rings: The Fellowship of the Ring / 指环王1：魔戒再现  /  指环王I：护戒使者,https://movie.douban.com/subject/1291571/,9.1,797407,导演: 彼得·杰克逊 Peter Jackson,主演: 伊利亚·伍德 Elijah Wood / 西恩...,2001,新西兰 美国,剧情 动作 奇幻 冒险
53,大闹天宫 / 大闹天宫 上下集  /  The Monkey King,https://movie.douban.com/subject/1418019/,9.4,404199,导演: 万籁鸣 Laiming Wan,主演: 邱岳峰 Yuefeng Qiu / 富润生 Runsheng Fu...,1961(中国大陆)/1964(中国大陆)/1978(中国大陆),中国大陆,剧情 动画 奇幻 古装
54,黑客帝国 / The Matrix / 22世纪杀人网络(港)  /  廿二世纪杀人网络(港),https://movie.douban.com/subject/1291843/,9.1,791835,导演: 安迪·沃卓斯基 Andy Wachowski / 拉娜·沃卓斯基 Lana Wachowski,主...,1999,美国,动作 科幻
55,死亡诗社 / Dead Poets Society / 暴雨骄阳(港)  /  春风化雨(台),https://movie.douban.com/subject/1291548/,9.2,669216,导演: 彼得·威尔 Peter Weir,主演: 罗宾·威廉姆斯 Robin Williams / 罗伯...,1989,美国,剧情
56,绿皮书 / Green Book / 绿簿旅友(港)  /  幸福绿皮书(台),https://movie.douban.com/subject/27060077/,8.9,1532673,导演: 彼得·法雷里 Peter Farrelly,主演: 维果·莫腾森 Viggo Mortensen /...,2018,美国 中国大陆,剧情 喜剧 传记 音乐
57,教父2 / The Godfather: Part II / 教父续集(港)  /  教父II,https://movie.douban.com/subject/1299131/,9.3,513921,导演: 弗朗西斯·福特·科波拉 Francis Ford Coppola,主演: 阿尔·帕西诺 A...,1974,美国,剧情 犯罪
58,狮子王 / The Lion King / 狮子王3D,https://movie.douban.com/subject/1301753/,9.1,786670,导演: Roger Allers / 罗伯·明可夫 Rob Minkoff,主演: 乔纳森·泰勒·托马...,1994,美国,动画 冒险 歌舞
59,辩护人 / 변호인 / 逆权大状(港)  /  正义辩护人(台),https://movie.douban.com/subject/21937445/,9.2,559523,导演: 杨宇硕 Woo-seok Yang,主演: 宋康昊 Kang-ho Song / 金英爱 Yeong-ae...,2013,韩国,剧情
60,搏击俱乐部 / Fight Club / 搏击会(港)  /  斗阵俱乐部(台),https://movie.douban.com/subject/1292000/,9.0,800896,导演: 大卫·芬奇 David Fincher,主演: 爱德华·诺顿 Edward Norton / 布拉...,1999,美国 德国 意大利,剧情 动作 悬疑 惊悚
61,饮食男女 / 飲食男女 / Eat Drink Man Woman,https://movie.douban.com/subject/1291818/,9.2,578123,导演: 李安 Ang Lee,主演: 郎雄 Sihung Lung / 杨贵媚 Kuei-Mei Yang / 吴...,1994,中国台湾 美国,剧情 家庭
62,美丽心灵 / A Beautiful Mind / 有你终生美丽(港)  /  美丽境界(台),https://movie.douban.com/subject/1306029/,9.1,725516,导演: 朗·霍华德 Ron Howard,主演: 罗素·克劳 Russell Crowe / 艾德·哈...,2001,美国,传记 剧情
63,本杰明·巴顿奇事 / The Curious Case of Benjamin Button / 奇幻逆缘(港)  /  班杰明的奇幻旅程(台),https://movie.douban.com/subject/1485260/,9.0,929640,导演: 大卫·芬奇 David Fincher,主演: 凯特·布兰切特 Cate Blanchett / ...,2008,美国,剧情 爱情 奇幻
64,穿条纹睡衣的男孩 / The Boy in the Striped Pajamas / 穿条纹衣服的男孩  /  穿条纹衣的男孩,https://movie.douban.com/subject/3008247/,9.2,521209,导演: 马克·赫尔曼 Mark Herman,主演: 阿萨·巴特菲尔德 Asa Butterfield ...,2008,英国 美国,剧情 战争
65,窃听风暴 / Das Leben der Anderen / 窃听者(港)  /  他人的生活,https://movie.douban.com/subject/1900841/,9.2,532488,导演: 弗洛里安·亨克尔·冯·多纳斯马尔克 Florian Henckel von Donnersmarck  &n...,,2006,德国,剧情 悬疑
66,情书 / Love Letter / When I Close My Eyes  /  Letters of Love,https://movie.douban.com/subject/1292220/,8.9,1029594,导演: 岩井俊二 Shunji Iwai,主演: 中山美穗 Miho Nakayama / 丰川悦司 Ets...,1995,日本,剧情 爱情
67,"两杆大烟枪 / Lock, Stock and Two Smoking Barrels / 够姜四小强(港)  /  两根枪管(台)",https://movie.douban.com/subject/1293350/,9.1,564541,导演: Guy Ritchie,主演: Jason Flemyng / Dexter Fletcher / Nick Moran,1998,英国,剧情 喜剧 犯罪
68,西西里的美丽传说 / Malèna / 真爱伴我行(台)  /  玛莲娜,https://movie.douban.com/subject/1292402/,8.9,920835,导演: 朱塞佩·托纳多雷 Giuseppe Tornatore,主演: 莫妮卡·贝鲁奇 Monica ...,2000,意大利 美国,剧情 战争 情色
69,音乐之声 / The Sound of Music / 仙乐飘飘处处闻(港)  /  真善美(台),https://movie.douban.com/subject/1294408/,9.1,565399,导演: 罗伯特·怀斯 Robert Wise,主演: 朱莉·安德鲁斯 Julie Andrews / 克...,1965,美国,剧情 传记 爱情 歌舞
70,看不见的客人 / Contratiempo / 死无对证(港)  /  布局(台),https://movie.douban.com/subject/26580232/,8.8,1177706,导演: 奥里奥尔·保罗 Oriol Paulo,主演: 马里奥·卡萨斯 Mario Casas / 阿...,2016,西班牙,剧情 犯罪 悬疑 惊悚
71,拯救大兵瑞恩 / Saving Private Ryan / 雷霆救兵(港)  /  抢救雷恩大兵(台),https://movie.douban.com/subject/1292849/,9.1,610601,导演: 史蒂文·斯皮尔伯格 Steven Spielberg,主演: 汤姆·汉克斯 Tom Hanks...,1998,美国,剧情 战争
72,飞越疯人院 / One Flew Over the Cuckoo's Nest / 飞越杜鹃窝(台)  /  飞越喜鹊巢,https://movie.douban.com/subject/1292224/,9.1,521967,导演: 米洛斯·福尔曼 Miloš Forman,主演: 杰克·尼科尔森 Jack Nichols...,1975,美国,剧情
73,小鞋子 / بچه های آسمان / 天堂的孩子  /  小童鞋,https://movie.douban.com/subject/1303021/,9.2,385538,导演: 马基德·马基迪 Majid Majidi,主演: 默罕默德·阿米尔·纳吉 Mohamma...,1997,伊朗,剧情 儿童 家庭
74,阿凡达 / Avatar / 天神下凡(港)  /  化身,https://movie.douban.com/subject/1652587/,8.8,1304381,导演: 詹姆斯·卡梅隆 James Cameron,主演: 萨姆·沃辛顿 Sam Worthington ...,2009,美国,动作 科幻 冒险
75,哈利·波特与死亡圣器(下) / Harry Potter and the Deathly Hallows: Part 2 / 哈利波特7：死神的圣物2(港 / 台) ,https://movie.douban.com/subject/3011235/,9.0,772600,导演: 大卫·叶茨 David Yates,主演: 丹尼尔·雷德克里夫 Daniel Radcliffe...,2011,美国 英国,奇幻 冒险
76,沉默的羔羊 / The Silence of the Lambs / 沉默的羔羊,https://movie.douban.com/subject/1293544/,8.9,830256,导演: 乔纳森·戴米 Jonathan Demme,主演: 朱迪·福斯特 Jodie Foster / 安...,1991,美国,剧情 犯罪 惊悚
77,致命魔术 / The Prestige / 死亡魔法(港)  /  顶尖对决(台),https://movie.douban.com/subject/1780330/,8.9,809740,导演: 克里斯托弗·诺兰 Christopher Nolan,主演: 休·杰克曼 Hugh Jackman...,2006,英国 美国,剧情 悬疑 惊悚
78,禁闭岛 / Shutter Island / 不赦岛(港)  /  隔离岛(台),https://movie.douban.com/subject/2334904/,8.9,911952,导演: Martin Scorsese,主演: 莱昂纳多·迪卡普里奥 Leonardo DiCaprio / ...,2010,美国,剧情 悬疑 惊悚
79,布达佩斯大饭店 / The Grand Budapest Hotel / 布达佩斯大酒店(港)  /  欢迎来到布达佩斯大饭店(台),https://movie.douban.com/subject/11525673/,8.9,865962,导演: 韦斯·安德森 Wes Anderson,主演: 拉尔夫·费因斯 Ralph Fiennes / ...,2014,美国 德国 英国,剧情 喜剧 冒险
80,海豚湾 / The Cove / 血色海湾(台)  /  海湾,https://movie.douban.com/subject/3442220/,9.3,343891,导演: 路易·西霍尤斯 Louie Psihoyos,主演: Richard O'Barry / 路易·西霍...,2009,美国,纪录片
81,蝴蝶效应 / The Butterfly Effect / 蝴蝶效应,https://movie.douban.com/subject/1292343/,8.9,882560,导演: 埃里克·布雷斯 Eric Bress / J·麦基·格鲁伯 J. Mackye Gruber,主...,2004,美国 加拿大,剧情 悬疑 科幻 惊悚
82,美国往事 / Once Upon a Time in America / 四海兄弟(台)  /  义薄云天(港),https://movie.douban.com/subject/1292262/,9.2,389430,导演: 赛尔乔·莱翁内 Sergio Leone,主演: 罗伯特·德尼罗 Robert De Niro ...,1984,美国 意大利,犯罪 剧情
83,心灵捕手 / Good Will Hunting / 骄阳似我(港)  /  心灵捕手,https://movie.douban.com/subject/1292656/,8.9,667238,导演: 格斯·范·桑特 Gus Van Sant,主演: 马特·达蒙 Matt Damon / 罗宾·...,1997,美国,剧情
84,低俗小说 / Pulp Fiction / 危险人物(港)  /  黑色追缉令(台),https://movie.douban.com/subject/1291832/,8.9,784060,导演: 昆汀·塔伦蒂诺 Quentin Tarantino,主演: 约翰·特拉沃尔塔 John Tra...,1994,美国,剧情 喜剧 犯罪
85,春光乍泄 / 春光乍洩 / 一起快乐  /  Happy Together,https://movie.douban.com/subject/1292679/,9.0,593349,导演: 王家卫 Kar Wai Wong,主演: 张国荣 Leslie Cheung / 梁朝伟 Tony Leu...,1997,中国香港 日本 韩国,剧情 爱情 同性
86,摩登时代 / Modern Times / The Masses  /  Les Temps modernes,https://movie.douban.com/subject/1294371/,9.3,280662,导演: 查理·卓别林 Charles Chaplin,主演: 查理·卓别林 Charles Chaplin ...,1936,美国,剧情 喜剧 爱情
87,功夫 / 功夫3D  /  Kung Fu Hustle,https://movie.douban.com/subject/1291543/,8.8,1032613,导演: 周星驰 Stephen Chow,主演: 周星驰 Stephen Chow / 元秋 Qiu Yuen / ...,2004,中国大陆 中国香港,动作 喜剧 犯罪 奇幻
88,喜剧之王 / 喜劇之王 / King of Comedy,https://movie.douban.com/subject/1302425/,8.8,910490,导演: 周星驰 Stephen Chow / 李力持 Lik-Chi Lee,主演: 周星驰 Stephen Ch...,1999,中国香港,喜剧 剧情 爱情
89,七宗罪 / Se7en / 火线追缉令(台)  /  7宗罪,https://movie.douban.com/subject/1292223/,8.8,897536,导演: 大卫·芬奇 David Fincher,主演: 摩根·弗里曼 Morgan Freeman / 布...,1995,美国,剧情 犯罪 悬疑 惊悚
90,哈利·波特与阿兹卡班的囚徒 / Harry Potter and the Prisoner of Azkaban / 哈利波特3：阿兹卡班的逃犯(港 / 台) ,https://movie.douban.com/subject/1291544/,8.9,664263,导演: Alfonso Cuarón,主演: 丹尼尔·雷德克里夫 Daniel Radcliffe / Emma...,2004,英国 美国,奇幻 冒险
91,超脱 / Detachment / 人间师格(台),https://movie.douban.com/subject/5322596/,9.0,535131,导演: 托尼·凯耶 Tony Kaye,主演: 艾德里安·布洛迪 Adrien Brody / 马西...,2011,美国,剧情
92,致命ID / Identity / 杀人游戏  /  致命身份,https://movie.douban.com/subject/1297192/,8.8,768413,导演: 詹姆斯·曼高德 James Mangold,主演: 约翰·库萨克 John Cusack / 雷...,2003,美国,剧情 悬疑 惊悚
93,杀人回忆 / 살인의 추억 / 谋杀回忆  /  杀手回忆录,https://movie.douban.com/subject/1300299/,8.9,661696,导演: 奉俊昊 Joon-ho Bong,主演: 宋康昊 Kang-ho Song / 金相庆 Sang-kyun...,2003,韩国,剧情 动作 犯罪 悬疑 惊悚
94,红辣椒 / パプリカ / 盗梦侦探(港 / 台) ,https://movie.douban.com/subject/1865703/,9.1,426033,导演: 今敏 Satoshi Kon,主演: 林原惠美 Megumi Hayashibara / 江守彻 Toru...,2006,日本,动画 悬疑 科幻 惊悚
95,加勒比海盗 / Pirates of the Caribbean: The Curse of the Black Pearl / 加勒比海盗1：黑珍珠号的诅咒  /  神鬼奇航：鬼盗船魔咒(台),https://movie.douban.com/subject/1298070/,8.8,811184,导演: 戈尔·维宾斯基 Gore Verbinski,主演: 约翰尼·德普 Johnny Depp / ...,2003,美国,动作 冒险 奇幻
96,狩猎 / Jagten / 诬网(港)  /  谎言的烙印(台),https://movie.douban.com/subject/6985810/,9.1,363373,导演: 托马斯·温特伯格 Thomas Vinterberg,主演: 麦斯·米科尔森 Mads Mik...,2012,丹麦 瑞典,剧情
97,被嫌弃的松子的一生 / 嫌われ松子の一生 / 花样奇缘(港)  /  令人讨厌的松子的一生(台),https://movie.douban.com/subject/1787291/,8.9,670996,导演: 中岛哲也 Tetsuya Nakashima,主演: 中谷美纪 Miki Nakatani / 瑛太 E...,2006,日本,剧情 歌舞
98,7号房的礼物 / 7번방의 선물 / 戆爸的礼物(港)  /  7号囚房的礼物,https://movie.douban.com/subject/10777687/,8.9,522542,导演: 李焕庆 Hwan-kyeong Lee,主演: 柳承龙 Seung-yong Ryoo / 朴信惠 Shi...,2013,韩国,剧情 喜剧 家庭
99,请以你的名字呼唤我 / Call Me by Your Name / 以你的名字呼唤我(港 / 台) ,https://movie.douban.com/subject/26799731/,8.9,674397,导演: 卢卡·瓜达尼诺 Luca Guadagnino,主演: 艾米·汉莫 Armie Hammer / ...,2017,意大利 法国 巴西 美国,剧情 爱情 同性
100,剪刀手爱德华 / Edward Scissorhands / 幻海奇缘(港)  /  剪刀手爱德华,https://movie.douban.com/subject/1292370/,8.7,991733,导演: 蒂姆·波顿 Tim Burton,主演: 约翰尼·德普 Johnny Depp / 薇诺娜·...,1990,美国,剧情 奇幻 爱情
101,唐伯虎点秋香 / 唐伯虎點秋香 / Flirting Scholar,https://movie.douban.com/subject/1306249/,8.7,1009368,导演: 李力持 Lik-Chi Lee,主演: 周星驰 Stephen Chow / 巩俐 Li Gong / 陈...,1993,中国香港,喜剧 爱情 古装
102,哈利·波特与密室 / Harry Potter and the Chamber of Secrets / 哈利波特2：消失的密室(港 / 台) ,https://movie.douban.com/subject/1296996/,8.8,690681,导演: Chris Columbus,主演: 丹尼尔·雷德克里夫 Daniel Radcliffe / 艾玛...,2002,英国 美国,奇幻 冒险
103,一一 / Yi yi  /  Yi yi: A One and a Two,https://movie.douban.com/subject/1292434/,9.1,358178,导演: 杨德昌 Edward Yang,主演: 吴念真 / 李凯莉 Kelly Lee / 金燕玲 Elai...,2000,中国台湾 日本,剧情 爱情 家庭
104,断背山 / Brokeback Mountain / 断臂山  /  BBM,https://movie.douban.com/subject/1418834/,8.8,673618,导演: 李安 Ang Lee,主演: 希斯·莱杰 Heath Ledger / 杰克·吉伦哈尔 Jake...,2005,美国 加拿大,剧情 爱情 同性 家庭
105,勇敢的心 / Braveheart / 惊世未了缘(港)  /  梅尔吉勃逊之英雄本色(台),https://movie.douban.com/subject/1294639/,8.9,537746,导演: 梅尔·吉布森 Mel Gibson,主演: 梅尔·吉布森 Mel Gibson / 苏菲·玛...,1995,美国,动作 传记 剧情 历史 战争
106,入殓师 / おくりびと / 礼仪师之奏鸣曲(港)  /  礼仪师(台),https://movie.douban.com/subject/2149806/,8.9,628209,导演: 泷田洋二郎 Yôjirô Takita,主演: 本木雅弘 Masahiro Motoki / ...,2008,日本,剧情
107,第六感 / The Sixth Sense / 鬼眼(港)  /  灵异第六感(台),https://movie.douban.com/subject/1297630/,8.9,523880,导演: M·奈特·沙马兰 M. Night Shyamalan,主演: 布鲁斯·威利斯 Bruce Wi...,1999,美国,剧情 悬疑 惊悚
108,爱在黎明破晓前 / Before Sunrise / 情留半天(港)  /  爱在黎明破晓时(台),https://movie.douban.com/subject/1296339/,8.8,629032,导演: 理查德·林克莱特 Richard Linklater,主演: 伊桑·霍克 Ethan Hawke ...,1995,美国 奥地利 瑞士,剧情 爱情
109,重庆森林 / 重慶森林 / Chungking Express,https://movie.douban.com/subject/1291999/,8.8,760135,导演: 王家卫 Kar Wai Wong,主演: 林青霞 Brigitte Lin / 金城武 Takeshi K...,1994,中国香港,剧情 爱情
110,蝙蝠侠：黑暗骑士崛起 / The Dark Knight Rises / 蝙蝠侠前传3：黑暗骑士崛起  /  黑暗骑士：黎明升起(台),https://movie.douban.com/subject/3395373/,8.8,679555,导演: 克里斯托弗·诺兰 Christopher Nolan,主演: 克里斯蒂安·贝尔 Christ...,2012,美国 英国,剧情 动作 科幻 犯罪 惊悚
111,幽灵公主 / もののけ姫 / 魔法公主(港 / 台) ,https://movie.douban.com/subject/1297359/,8.9,494660,导演: 宫崎骏 Hayao Miyazaki,主演: 松田洋治 Yôji Matsuda / 石田百合...,1997,日本,动画 奇幻 冒险
112,天使爱美丽 / Le fabuleux destin d'Amélie Poulain / 艾蜜莉的异想世界(台)  /  天使艾米莉,https://movie.douban.com/subject/1292215/,8.7,924002,导演: 让-皮埃尔·热内 Jean-Pierre Jeunet,主演: 奥黛丽·塔图 Audrey Tau...,2001,法国 德国,剧情 喜剧 爱情
113,菊次郎的夏天 / 菊次郎の夏 / 菊次郎之夏  /  Kikujirô no natsu,https://movie.douban.com/subject/1293359/,8.9,558789,导演: 北野武 Takeshi Kitano,主演: 北野武 Takeshi Kitano / 关口雄介 Yus...,1999,日本,剧情 喜剧
114,小森林 夏秋篇 / リトル・フォレスト 夏・秋 / 小森食光 / 夏秋篇(台) ,https://movie.douban.com/subject/25814705/,9.0,402743,导演: 森淳一 Junichi Mori,主演: 桥本爱 Ai Hashimoto / 三浦贵大 Takahir...,2014,日本,剧情
115,阳光灿烂的日子 / In the Heat of the Sun,https://movie.douban.com/subject/1291875/,8.9,581795,导演: 姜文 Wen Jiang,主演: 夏雨 Yu Xia / 宁静 Jing Ning / 陶虹 Hong Tao,1994,中国大陆 中国香港,剧情 爱情
116,超能陆战队 / Big Hero 6 / 大英雄联盟(港)  /  大英雄天团(台),https://movie.douban.com/subject/11026735/,8.7,951890,导演: 唐·霍尔 Don Hall / 克里斯·威廉姆斯 Chris Williams,主演: 斯科特...,2014,美国,喜剧 动作 科幻 动画 冒险
117,爱在日落黄昏时 / Before Sunset / 日落巴黎(港)  /  爱在日落巴黎时(台),https://movie.douban.com/subject/1291990/,8.9,517782,导演: 理查德·林克莱特 Richard Linklater,主演: 伊桑·霍克 Ethan Hawke ...,2004,美国 法国,剧情 爱情
118,完美的世界 / A Perfect World / 强盗保镳,https://movie.douban.com/subject/1300992/,9.1,293102,导演: 克林特·伊斯特伍德 Clint Eastwood,主演: 凯文·科斯特纳 Kevin Cos...,1993,美国,剧情 犯罪
119,无人知晓 / 誰も知らない / 谁知赤子心(港)  /  无人知晓的夏日清晨(台),https://movie.douban.com/subject/1292337/,9.1,297091,导演: 是枝裕和 Hirokazu Koreeda,主演: 柳乐优弥 Yûya Yagira / 北浦爱...,2004,日本,剧情
120,消失的爱人 / Gone Girl / 失踪的女孩  /  失踪女孩,https://movie.douban.com/subject/21318488/,8.7,875116,导演: 大卫·芬奇 David Fincher,主演: 本·阿弗莱克 Ben Affleck / 罗莎蒙...,2014,美国,剧情 犯罪 悬疑 惊悚
121,甜蜜蜜 / Comrades: Almost a Love Story,https://movie.douban.com/subject/1305164/,8.9,500523,导演: 陈可辛 Peter Chan,主演: 黎明 Leon Lai / 张曼玉 Maggie Cheung / ...,1996,中国香港,剧情 爱情
122,借东西的小人阿莉埃蒂 / 借りぐらしのアリエッティ / 借物少女艾莉缇(台)  /  借东西的小矮人亚莉亚蒂(港),https://movie.douban.com/subject/4202302/,8.9,517986,导演: 米林宏昌 Hiromasa Yonebayashi,主演: 志田未来 Mirai Shida / 神木...,2010,日本,动画 奇幻 冒险
123,倩女幽魂 / 倩女幽魂(87版)  /  倩女幽魂：妖魔道,https://movie.douban.com/subject/1297447/,8.8,690968,导演: 程小东 Siu-Tung Ching,主演: 张国荣 Leslie Cheung / 王祖贤 Joey W...,1987,中国香港,爱情 奇幻 武侠 古装
124,小森林 冬春篇 / リトル・フォレスト 冬・春 / 小森食光 / 冬春篇(台) ,https://movie.douban.com/subject/25814707/,9.0,358866,导演: 森淳一 Junichi Mori,主演: 桥本爱 Ai Hashimoto / 三浦贵大 Takahir...,2015,日本,剧情
125,侧耳倾听 / 耳をすませば / 心之谷(台)  /  梦幻街少女(港),https://movie.douban.com/subject/1297052/,8.9,434471,导演: 近藤喜文 Yoshifumi Kondo,主演: 本名阳子 Youko Honna / 小林桂树 K...,1995,日本,剧情 爱情 动画
126,时空恋旅人 / About Time / 回到最爱的一天(港)  /  真爱每一天(台),https://movie.douban.com/subject/10577869/,8.8,614552,导演: 理查德·柯蒂斯 Richard Curtis,主演: 多姆纳尔·格里森 Domhnall Gl...,2013,英国,喜剧 爱情 奇幻
127,幸福终点站 / The Terminal / 机场客运站(港)  /  航站情缘(台),https://movie.douban.com/subject/1292274/,8.8,531333,导演: 史蒂文·斯皮尔伯格 Steven Spielberg,主演: 汤姆·汉克斯 Tom Hanks...,2004,美国,喜剧 剧情 爱情
128,驯龙高手 / How to Train Your Dragon / 驯龙记(港),https://movie.douban.com/subject/2353023/,8.8,713742,导演: 迪恩·德布洛斯 Dean DeBlois / 克里斯·桑德斯 Chris Sanders,主演:...,2010,美国,动画 奇幻 冒险
129,萤火之森 / 蛍火の杜へ / 萤火之社  /  Hotarubi no mori e,https://movie.douban.com/subject/5989818/,8.9,499708,导演: 大森贵弘 Takahiro Omori,主演: 佐仓绫音 Ayane Sakura / 内山昂辉 K...,2011,日本,剧情 爱情 动画 奇幻
130,寄生虫 / 기생충 / 寄生上流(台)  /  上流寄生族(港),https://movie.douban.com/subject/27010768/,8.8,1291916,导演: 奉俊昊 Joon-ho Bong,主演: 宋康昊 Kang-ho Song / 李善均 Seon-gyun...,2019,韩国,剧情
131,教父3 / The Godfather: Part III / 教父第三集  /  教父 III,https://movie.douban.com/subject/1294240/,9.0,347020,导演: 弗朗西斯·福特·科波拉 Francis Ford Coppola,主演: 阿尔·帕西诺 A...,1990,美国,剧情 犯罪
132,"怪兽电力公司 / Monsters, Inc. / 怪兽公司(港)  /  怪物公司",https://movie.douban.com/subject/1291579/,8.8,626469,导演: 彼特·道格特 Pete Docter / 大卫·斯沃曼 David Silverman,主演: 约...,2001,美国,儿童 喜剧 动画 奇幻 冒险
133,一个叫欧维的男人决定去死 / En man som heter Ove / 明天别再来敲门(台)  /  想死冇咁易(港),https://movie.douban.com/subject/26628357/,8.9,434283,导演: 汉内斯·赫尔姆 Hannes Holm,主演: 罗夫·拉斯加德 Rolf Lassgård...,2015,瑞典,剧情
134,玛丽和马克思 / Mary and Max / 巧克力情缘(台)  /  同是天涯寂寞客,https://movie.douban.com/subject/3072124/,8.9,405756,导演: 亚当·艾略特 Adam Elliot,主演: 托妮·科莱特 Toni Collette / 菲利...,2009,澳大利亚 美国,剧情 喜剧 动画
135,未麻的部屋 / Perfect Blue / 蓝色恐惧(港 / 台) ,https://movie.douban.com/subject/1395091/,9.1,302226,导演: 今敏 Satoshi Kon,主演: 岩男润子 Junko Iwao / 松本梨香 Rica Matsu...,1997,日本,动画 奇幻 惊悚
136,玩具总动员3 / Toy Story 3 / 反斗奇兵3(港)  /  玩具的故事3,https://movie.douban.com/subject/1858711/,8.9,481741,导演: 李·昂克里奇 Lee Unkrich,主演: 汤姆·汉克斯 Tom Hanks / 蒂姆·艾...,2010,美国,喜剧 动画 奇幻 冒险
137,傲慢与偏见 / Pride & Prejudice / 傲慢与偏见2005  /  Pride And Prejudice,https://movie.douban.com/subject/1418200/,8.7,744769,导演: 乔·怀特 Joe Wright,主演: 凯拉·奈特莉 Keira Knightley / 马修·...,2005,法国 英国 美国,剧情 爱情
138,神偷奶爸 / Despicable Me / 卑鄙的我  /  坏蛋奖门人(港),https://movie.douban.com/subject/3287562/,8.6,898767,导演: 皮艾尔·柯芬 Pierre Coffin / 克里斯·雷纳德 Chris Renaud,主演: ...,2010,美国 法国,喜剧 动画 冒险
139,大鱼 / Big Fish / 大鱼奇缘(港)  /  大智若鱼(台),https://movie.douban.com/subject/1291545/,8.8,539823,导演: 蒂姆·波顿 Tim Burton,主演: 伊万·麦克格雷格 Ewan McGregor / 阿...,2003,美国,剧情 家庭 奇幻 冒险
140,釜山行 / 부산행 / 尸杀列车(港)  /  尸速列车(台),https://movie.douban.com/subject/25986180/,8.6,1126070,导演: 延尚昊 Sang-ho Yeon,主演: 孔侑 Yoo Gong / 郑有美 Yu-mi Jung / 马...,2016,韩国,动作 惊悚 灾难
141,告白 / 自白  /  母亲,https://movie.douban.com/subject/4268598/,8.8,641935,导演: 中岛哲也 Tetsuya Nakashima,主演: 松隆子 Takako Matsu / 冈田将生 ...,2010,日本,剧情 悬疑
142,被解救的姜戈 / Django Unchained / 被解放的姜戈  /  决杀令(台),https://movie.douban.com/subject/6307447/,8.8,572556,导演: 昆汀·塔伦蒂诺 Quentin Tarantino,主演: 杰米·福克斯 Jamie Foxx /...,2012,美国,剧情 动作 西部 冒险
143,哈利·波特与火焰杯 / Harry Potter and the Goblet of Fire / 哈利波特4：火杯的考验(港 / 台) ,https://movie.douban.com/subject/1309055/,8.7,601716,导演: 迈克·内威尔 Mike Newell,主演: 丹尼尔·雷德克里夫 Daniel Radclif...,2005,英国 美国,悬疑 奇幻 冒险
144,阳光姐妹淘 / 써니 / 阳光姊妹淘(港)  /  桑尼,https://movie.douban.com/subject/4917726/,8.8,568031,导演: 姜炯哲 Hyeong-Cheol Kang,主演: 沈恩京 Eun-kyung Shim / 闵孝琳 Hy...,2011,韩国,剧情 喜剧
145,射雕英雄传之东成西就 / 射鵰英雄傳之東成西就 / 东成西就  /  大英雄 (日本),https://movie.douban.com/subject/1316510/,8.7,598678,导演: 刘镇伟 Jeffrey Lau,主演: 梁朝伟 Tony Leung Chiu Wai / 林青霞 Bri...,1993,中国香港,喜剧 奇幻 武侠 古装
146,哪吒闹海 / Prince Nezha's Triumph Against Dragon King  /  Nezha Conquers the Dragon King,https://movie.douban.com/subject/1307315/,9.1,241631,导演: 王树忱 Shuchen Wang / 严定宪 Dingxian Yan,主演: 梁正晖 Zhenghui ...,1979,中国大陆,冒险 动画 奇幻
147,新世界 / 신세계 / 暗黑新世界(台)  /  New World,https://movie.douban.com/subject/10437779/,8.9,386910,导演: 朴勋政 Hoon-jung Park,主演: 李政宰 Jung-Jae Lee / 崔岷植 Min-sik...,2013,韩国,剧情 犯罪
148,我是山姆 / I Am Sam / 不一样的爸爸(港)  /  他不笨，他是我爸爸(台),https://movie.douban.com/subject/1306861/,9.0,317537,导演: 杰茜·尼尔森 Jessie Nelson,主演: Sean Penn / Dakota Fanning / Mi...,2001,美国,剧情 家庭
149,恐怖直播 / 더 테러 라이브 / 死亡“动”新闻(港)  /  恐怖攻击直播(台),https://movie.douban.com/subject/21360417/,8.7,615646,导演: 金秉祐 Byeong-woo Kim,主演: 河正宇 Jung-woo Ha / 李璟荣 Kyeong-y...,2013,韩国,剧情 犯罪 悬疑
150,头号玩家 / Ready Player One / 玩家一号  /  挑战者1号(港),https://movie.douban.com/subject/4920389/,8.7,1291481,导演: 史蒂文·斯皮尔伯格 Steven Spielberg,主演: 泰伊·谢里丹 Tye Sheri...,2018,美国,动作 科幻 冒险
151,模仿游戏 / The Imitation Game / 解码游戏(港)  /  模拟游戏,https://movie.douban.com/subject/10463953/,8.8,606892,导演: 莫滕·泰杜姆 Morten Tyldum,主演: 本尼迪克特·康伯巴奇 Benedict C...,2014,英国 美国,剧情 传记 战争 同性
152,血战钢锯岭 / Hacksaw Ridge / 钢锯岭  /  钢铁英雄(台),https://movie.douban.com/subject/26325320/,8.7,745231,导演: 梅尔·吉布森 Mel Gibson,主演: 安德鲁·加菲尔德 Andrew Garfield /...,2016,澳大利亚 美国,剧情 传记 历史 战争
153,喜宴 / 囍宴 / The Wedding Banquet,https://movie.douban.com/subject/1303037/,9.0,333027,导演: 李安 Ang Lee,主演: 赵文瑄 Winston Chao / 郎雄 Sihung Lung / 归亚...,1993,中国台湾 美国,剧情 喜剧 爱情 同性 家庭
154,七武士 / 七人の侍 / 七侠四义(港)  /  七剑客(港),https://movie.douban.com/subject/1295399/,9.3,184428,导演: 黑泽明 Akira Kurosawa,主演: 三船敏郎 Toshirô Mifune / 志村乔 ...,1954,日本,动作 冒险 剧情
155,花样年华 / 花樣年華 / In the Mood for Love,https://movie.douban.com/subject/1291557/,8.7,562297,导演: 王家卫 Kar Wai Wong,主演: 梁朝伟 Tony Leung Chiu Wai / 张曼玉 Ma...,2000,中国香港,剧情 爱情
156,头脑特工队 / Inside Out / 玩转脑朋友(港)  /  脑筋急转弯(台),https://movie.douban.com/subject/10533913/,8.8,570445,导演: 彼特·道格特 Pete Docter / 罗纳尔多·德尔·卡门 Ronaldo Del Carmen  &nb...,,2015,美国,喜剧 动画 冒险
157,黑客帝国3：矩阵革命 / The Matrix Revolutions / 22世纪杀人网络3：惊变世纪(港)  /  骇客任务完结篇：最后战役(台),https://movie.douban.com/subject/1302467/,8.8,423068,导演: 拉娜·沃卓斯基 Lana Wachowski / 莉莉·沃卓斯基 Lilly Wachowski,...,2003,美国,动作 科幻
158,九品芝麻官 / 九品芝麻官之白面包青天  /  Hail the Judge,https://movie.douban.com/subject/1297518/,8.7,620575,导演: 王晶 Jing Wong,主演: 周星驰 Stephen Chow / 吴孟达 Man Tat Ng / ...,1994,中国香港 中国大陆,剧情 喜剧 古装
159,电锯惊魂 / Saw / 恐惧斗室(港)  /  夺魂锯(台),https://movie.douban.com/subject/1417598/,8.8,497826,导演: 詹姆斯·温 James Wan,主演: 雷·沃纳尔 Leigh Whannell / 加利·艾...,2004,美国,悬疑 惊悚 恐怖
160,"三块广告牌 / Three Billboards Outside Ebbing, Missouri / 广告牌杀人事件(港)  /  意外(台)",https://movie.douban.com/subject/26611804/,8.7,777863,导演: 马丁·麦克唐纳 Martin McDonagh,主演: 弗兰西斯·麦克多蒙德 France...,2017,美国 英国,剧情 犯罪
161,你的名字。 / 君の名は。 / 你的名字  /  君之名,https://movie.douban.com/subject/26683290/,8.5,1308315,导演: 新海诚 Makoto Shinkai,主演: 神木隆之介 Ryûnosuke Kamiki / 上...,2016,日本,剧情 爱情 动画
162,惊魂记 / Psycho / 精神病患者  /  触目惊心(港),https://movie.douban.com/subject/1293181/,9.0,265623,导演: 阿尔弗雷德·希区柯克 Alfred Hitchcock,主演: 安东尼·博金斯 Antho...,1960,美国,悬疑 惊悚 恐怖
163,达拉斯买家俱乐部 / Dallas Buyers Club / 续命枭雄(港)  /  药命俱乐部(台),https://movie.douban.com/subject/1793929/,8.8,428572,导演: 让-马克·瓦雷 Jean-Marc Vallée,主演: 马修·麦康纳 Matthew McCon...,2013,美国,剧情 传记 同性
164,卢旺达饭店 / Hotel Rwanda / 卢安达饭店(台),https://movie.douban.com/subject/1291822/,8.9,308908,导演: 特瑞·乔治 Terry George,主演: 唐·钱德尔 Don Cheadle / 苏菲·奥...,2004,英国 南非 意大利 美国,剧情 传记 历史 战争
165,疯狂原始人 / The Croods / 古鲁家族(港 / 台) ,https://movie.douban.com/subject/1907966/,8.7,795967,导演: 科克·德·米科 Kirk De Micco / 克里斯·桑德斯 Chris Sanders,主演...,2013,美国,喜剧 动画 冒险
166,上帝之城 / Cidade de Deus / 无主之城 (港)  /  无法无天 (台),https://movie.douban.com/subject/1292208/,9.0,286395,导演: 费尔南多·梅里尔斯 Fernando Meirelles / 卡迪亚·兰德 Kátia Lund  &nbsp...,,2002,巴西 法国,犯罪 剧情
167,谍影重重3 / The Bourne Ultimatum / 叛谍追击3：最后通牒(港)  /  神鬼认证：最后通牒 (台),https://movie.douban.com/subject/1578507/,8.8,395931,导演: 保罗·格林格拉斯 Paul Greengrass,主演: 马特·达蒙 Matt Damon / ...,2007,美国 德国,动作 悬疑 惊悚
168,心迷宫 / 殡棺  /  The Coffin in the Mountain,https://movie.douban.com/subject/25917973/,8.7,485054,导演: 忻钰坤 Yukun Xin,主演: 霍卫民 Weimin Huo / 王笑天 Xiaotian Wang ...,2014,中国大陆,剧情 犯罪 悬疑
169,英雄本色 / A Better Tomorrow  /  Gangland Boss,https://movie.douban.com/subject/1297574/,8.6,502255,导演: 吴宇森 John Woo,主演: 周润发 Yun-Fat Chow / 狄龙 Lung Ti / 张国...,1986,中国香港,剧情 动作 犯罪
170,风之谷 / 風の谷のナウシカ / 风谷少女  /  Kaze no tani no Naushika,https://movie.douban.com/subject/1291585/,8.9,338173,导演: 宫崎骏 Hayao Miyazaki,主演: 岛本须美 Sumi Shimamoto / 松田洋治 Y...,1984,日本,动画 奇幻 冒险
171,色，戒 / 色|戒  /  色·戒,https://movie.douban.com/subject/1828115/,8.6,723621,导演: 李安 Ang Lee,主演: 梁朝伟 Tony Leung Chiu Wai / 汤唯 Wei Tang / ...,2007,中国台湾 中国大陆 美国 中国香港,剧情 爱情 情色
172,纵横四海 / 緃横四海 / Once a Thief,https://movie.douban.com/subject/1295409/,8.8,395884,导演: 吴宇森 John Woo,主演: 周润发 Yun-Fat Chow / 张国荣 Leslie Cheung...,1991,中国香港,剧情 喜剧 动作 犯罪
173,海街日记 / 海街diary / 海街女孩日记(港)  /  Kamakura Diary,https://movie.douban.com/subject/25895901/,8.8,418068,导演: 是枝裕和 Hirokazu Koreeda,主演: 绫濑遥 Haruka Ayase / 长泽雅美 M...,2015,日本,剧情 家庭
174,茶馆 / The Teahouse,https://movie.douban.com/subject/1461403/,9.5,118188,导演: 谢添 Tian Xie,主演: 于是之 Shizhi Yu / 郑榕 Rong Zhen / 蓝天野 T...,1982(中国大陆),中国大陆,剧情 历史
175,岁月神偷 / 歲月神偷 / 1969太空漫游  /  Echoes Of The Rainbow,https://movie.douban.com/subject/3792799/,8.7,553058,导演: 罗启锐 Alex Law,主演: 吴君如 Sandra Ng / 任达华 Simon Yam / 钟绍...,2010,中国香港 中国大陆,剧情 家庭
176,记忆碎片 / Memento / 凶心人(港)  /  记忆拼图(台),https://movie.douban.com/subject/1304447/,8.7,570799,导演: 克里斯托弗·诺兰 Christopher Nolan,主演: 盖·皮尔斯 Guy Pearce /...,2000,美国,犯罪 剧情 悬疑 惊悚
177,爱在午夜降临前 / Before Midnight / 情约半生(港)  /  爱在午夜希腊时(台),https://movie.douban.com/subject/10808442/,8.9,367721,导演: 理查德·林克莱特 Richard Linklater,主演: 伊桑·霍克 Ethan Hawke ...,2013,美国 希腊,剧情 爱情
178,绿里奇迹 / The Green Mile / 绿色奇迹(台)  /  绿色英里,https://movie.douban.com/subject/1300374/,8.9,303922,导演: 弗兰克·德拉邦特 Frank Darabont,主演: 汤姆·汉克斯 Tom Hanks / ...,1999,美国,犯罪 剧情 奇幻 悬疑
179,忠犬八公物语 / ハチ公物語 / 八千公物语  /  阿八的故事,https://movie.douban.com/subject/1959195/,9.2,182028,导演: Seijirô Kôyama,主演: 山本圭 Kei Yamamoto / 井川比佐志 Hisa...,1987,日本,剧情
180,荒蛮故事 / Relatos salvajes / 蛮荒故事  /  生命中最抓狂的小事(台),https://movie.douban.com/subject/24750126/,8.8,416395,导演: 达米安·斯兹弗隆 Damián Szifron,主演: 达里奥·葛兰帝内提 Darío...,2014,阿根廷 西班牙,剧情 喜剧 犯罪
181,爆裂鼓手 / Whiplash / 鼓动真我(港)  /  进击的鼓手(台),https://movie.douban.com/subject/25773932/,8.7,548600,导演: 达米恩·查泽雷 Damien Chazelle,主演: 迈尔斯·特勒 Miles Teller /...,2014,美国,剧情 音乐
182,小偷家族 / 万引き家族 / Shoplifters  /  Une Affaire de Famille,https://movie.douban.com/subject/27622447/,8.7,774257,导演: 是枝裕和 Hirokazu Koreeda,主演: 中川雅也 Lily Franky / 安藤樱 Sa...,2018,日本,剧情 犯罪 家庭
183,疯狂的石头 / Crazy Stone,https://movie.douban.com/subject/1862151/,8.6,769569,导演: 宁浩 Hao Ning,主演: 郭涛 Tao Guo / 刘桦 Hua Liu / 连晋 Teddy Lin,2006,中国大陆 中国香港,喜剧 犯罪
184,贫民窟的百万富翁 / Slumdog Millionaire / 一百万零一夜(港)  /  贫民百万富翁(台),https://movie.douban.com/subject/2209573/,8.6,711106,导演: 丹尼·鲍尔 Danny Boyle / 洛芙琳·坦丹 Loveleen Tandan,主演: 戴夫...,2008,英国,剧情 爱情
185,无敌破坏王 / Wreck-It Ralph / 破坏王拉尔夫  /  破坏王大冒险,https://movie.douban.com/subject/6534248/,8.7,504438,导演: 瑞奇·莫尔 Rich Moore,主演: 约翰·C·赖利 John C. Reilly / 萨拉...,2012,美国,喜剧 动画 奇幻 冒险
186,东邪西毒 / 東邪西毒 / Ashes of Time,https://movie.douban.com/subject/1292328/,8.6,546315,导演: 王家卫 Kar Wai Wong,主演: 张国荣 Leslie Cheung / 林青霞 Brigitte...,1994,中国香港 中国台湾,剧情 动作 爱情 武侠 古装
187,雨中曲 / Singin' in the Rain / 万花嬉春(港 / 台) ,https://movie.douban.com/subject/1293460/,9.1,205840,导演: 斯坦利·多南 Stanley Donen / 吉恩·凯利 Gene Kelly,主演: 吉恩·...,1952,美国,喜剧 歌舞 爱情
188,真爱至上 / Love Actually / 真的恋爱了(港)  /  爱是您，爱是我(台),https://movie.douban.com/subject/1292401/,8.6,687351,导演: 理查德·柯蒂斯 Richard Curtis,主演: 休·格兰特 Hugh Grant / 柯林...,2003,英国 美国 法国,喜剧 剧情 爱情
189,冰川时代 / Ice Age / 冰河世纪  /  冰原历险记,https://movie.douban.com/subject/1291578/,8.6,579416,导演: 卡洛斯·沙尔丹哈 Carlos Saldanha / 克里斯·韦奇 Chris Wedge,主演...,2002,美国,喜剧 动画 冒险
190,恐怖游轮 / Triangle / 汪洋血迷宮(台)  /  轮回三角,https://movie.douban.com/subject/3011051/,8.5,797175,导演: 克里斯托弗·史密斯 Christopher Smith,主演: 梅利莎·乔治 Melissa ...,2009,英国 澳大利亚,剧情 悬疑 惊悚
191,2001太空漫游 / 2001: A Space Odyssey / 2001：星际漫游  /  2001：太空奥德赛,https://movie.douban.com/subject/1292226/,8.9,295988,导演: 斯坦利·库布里克 Stanley Kubrick,主演: 凯尔·杜拉 Keir Dullea / ...,1968,英国 美国,科幻 惊悚 冒险
192,你看起来好像很好吃 / おまえうまそうだな / 你看起来很好吃(台)  /  你看上去好像很好吃,https://movie.douban.com/subject/4848115/,8.9,315109,导演: 藤森雅也 Masaya Fujimori,主演: 山口胜平 Kappei Yamaguchi / 爱河...,2010,日本,剧情 动画 儿童
193,黑天鹅 / Black Swan / 夺命黑天鹅  /  霸王别鹅(豆友译名),https://movie.douban.com/subject/1978709/,8.6,749817,导演: 达伦·阿罗诺夫斯基 Darren Aronofsky,主演: 娜塔莉·波特曼 Natalie...,2010,美国,剧情 惊悚
194,无间道2 / 無間道II / 无间道前传  /  Infernal Affairs II,https://movie.douban.com/subject/1307106/,8.7,437299,导演: 刘伟强 / 麦兆辉,主演: 陈冠希 / 余文乐 / 曾志伟,2003,中国香港,剧情 犯罪 惊悚
195,魔女宅急便 / 魔女の宅急便 / 魔女琪琪(台)  /  小魔女限时专送,https://movie.douban.com/subject/1307811/,8.7,430678,导演: 宫崎骏 Hayao Miyazaki,主演: 高山南 Minami Takayama / 佐久间玲 Re...,1989,日本,动画 奇幻 冒险
196,牯岭街少年杀人事件 / 牯嶺街少年殺人事件 / A Brighter Summer Day,https://movie.douban.com/subject/1292329/,8.9,272441,导演: 杨德昌 Edward Yang,主演: 张震 Chen Chang / 杨静怡 Lisa Yang / 张...,1991,中国台湾,剧情 犯罪
197,遗愿清单 / The Bucket List / 玩转身前事(港)  /  一路玩到挂(台),https://movie.douban.com/subject/1867345/,8.7,419084,导演: 罗伯·莱纳 Rob Reiner,主演: 杰克·尼科尔森 Jack Nicholson / 摩根...,2007,美国,冒险 喜剧 剧情
198,"背靠背，脸对脸 / 背对背，脸对脸  /  Back to Back, Face to Face",https://movie.douban.com/subject/1307856/,9.5,113606,导演: 黄建新 Jianxin Huang / 杨亚洲 Yazhou Yang,主演: 牛振华 Zhenhua N...,1994,中国大陆 中国香港,剧情
199,小丑 / Joker / 小丑起源电影：罗密欧  /  Romeo,https://movie.douban.com/subject/27119724/,8.7,947193,导演: 托德·菲利普斯 Todd Phillips,主演: 杰昆·菲尼克斯 Joaquin Phoeni...,2019,美国 加拿大,剧情 犯罪 惊悚
200,雨人 / Rain Man / 手足情未了(港)  /  手足情深,https://movie.douban.com/subject/1291870/,8.7,383309,导演: 巴瑞·莱文森 Barry Levinson,主演: 达斯汀·霍夫曼 Dustin Hoffman ...,1988,美国,剧情
201,大佛普拉斯 / The Great Buddha+,https://movie.douban.com/subject/27059130/,8.7,418689,导演: 黄信尧 Hsin-yao Huang,主演: 庄益增 Yizeng Zhuang / 陈竹昇 Chu-sh...,2017,中国台湾,剧情 喜剧
202,可可西里 / Kekexili: Mountain Patrol,https://movie.douban.com/subject/1308857/,8.9,284703,导演: 陆川 Chuan Lu,主演: 多布杰 Duobujie / 张磊 Lei Zhang / 亓亮 Qi L...,2004,中国大陆 中国香港,剧情 犯罪
203,恋恋笔记本 / The Notebook / 忘了·忘不了(港)  /  手札情缘(台),https://movie.douban.com/subject/1309163/,8.6,631457,导演: 尼克·卡索维茨 Nick Cassavetes,主演: 瑞恩·高斯林 Ryan Gosling /...,2004,美国,剧情 爱情
204,城市之光 / City Lights / City Lights: A Comedy Romance in Pantomime  /  Lichter der Großstadt,https://movie.douban.com/subject/1293908/,9.3,134848,导演: Charles Chaplin,主演: 查理·卓别林 Charles Chaplin / 弗吉尼亚·...,1931,美国,喜剧 剧情 爱情
205,东京教父 / 東京ゴッドファーザーズ / Tokyo Godfathers,https://movie.douban.com/subject/1310177/,9.0,201967,导演: 今敏 Satoshi Kon,主演: 江守彻 Toru Emori / 梅垣义明 Yoshiaki Ume...,2003,日本,剧情 喜剧 动画
206,源代码 / Source Code / 启动原始码(台)  /  危机解密(港),https://movie.douban.com/subject/3075287/,8.5,791619,导演: 邓肯·琼斯 Duncan Jones,主演: 杰克·吉伦哈尔 Jake Gyllenhaal / ...,2011,美国 加拿大,科幻 悬疑 惊悚
207,萤火虫之墓 / 火垂るの墓 / 再见萤火虫(港)  /  萤火挽歌,https://movie.douban.com/subject/1293318/,8.7,388456,导演: 高畑勋 Isao Takahata,主演: 辰己努 / 白石绫乃 / 志乃原良子,1988,日本,动画 剧情 战争
208,虎口脱险 / La grande vadrouille / 横冲直撞出重围(港)  /  大進擊(台),https://movie.douban.com/subject/1296909/,8.9,238781,导演: 杰拉尔·乌里 Gérard Oury,主演: 路易·德·菲耐斯 Louis de Funès...,1966,法国 英国,喜剧 战争
209,初恋这件小事 / สิ่งเล็กเล็กที่เรียกว่า...รัก / 初恋那件小事(港)  /  暗恋那点小事,https://movie.douban.com/subject/4739952/,8.5,940260,导演: 普特鹏·普罗萨卡·那·萨克那卡林 Puttipong Promsaka Na Sakolnakorn / 华森·波克彭...,,2010,泰国,剧情 喜剧 爱情
210,人工智能 / Artificial Intelligence: AI / AI人工智慧,https://movie.douban.com/subject/1302827/,8.7,418596,导演: 史蒂文·斯皮尔伯格 Steven Spielberg,主演: 海利·乔·奥斯蒙 Haley...,2001,美国 英国,剧情 科幻
211,海边的曼彻斯特 / Manchester by the Sea / 情系海边之城(港),https://movie.douban.com/subject/25980443/,8.6,482464,导演: 肯尼斯·罗纳根 Kenneth Lonergan,主演: 卡西·阿弗莱克 Casey Affle...,2016,美国,剧情 家庭
212,心灵奇旅 / Soul / 灵魂奇遇记(港)  /  灵魂急转弯(台),https://movie.douban.com/subject/24733428/,8.7,902586,导演: 彼特·道格特 Pete Docter / 凯普·鲍尔斯 Kemp Powers,主演: 杰米·...,2020,美国,动画 奇幻 音乐
213,罗生门 / 羅生門 / Rashomon,https://movie.douban.com/subject/1291879/,8.8,294796,导演: 黑泽明 Akira Kurosawa,主演: 三船敏郎 Toshirô Mifune / 京町子 ...,1950,日本,剧情 犯罪 悬疑
214,青蛇 / Green Snake,https://movie.douban.com/subject/1303394/,8.6,492897,导演: 徐克 Hark Tsui,主演: 张曼玉 Maggie Cheung / 王祖贤 Joey Wang / ...,1993,中国香港 中国大陆,剧情 爱情 奇幻 古装
215,波西米亚狂想曲 / Bohemian Rhapsody / 波希米亚狂想曲：摇滚传说(港)  /  波希米亚狂想曲(台),https://movie.douban.com/subject/5300054/,8.6,564532,导演: 布莱恩·辛格 Bryan Singer,主演: 拉米·马雷克 Rami Malek / 本·哈...,2018,英国 美国,剧情 传记 同性 音乐
216,终结者2：审判日 / Terminator 2: Judgment Day / 未来战士2(港)  /  魔鬼终结者2(台),https://movie.douban.com/subject/1291844/,8.8,321772,导演: 詹姆斯·卡梅隆 James Cameron,主演: 阿诺·施瓦辛格 Arnold Schwarz...,1991,美国 法国,动作 科幻
217,疯狂的麦克斯4：狂暴之路 / Mad Max: Fury Road / 末日先锋：战甲飞车(港)  /  疯狂麦斯：愤怒道(台),https://movie.douban.com/subject/3592854/,8.7,495598,导演: 乔治·米勒 George Miller,主演: 汤姆·哈迪 Tom Hardy / 查理兹·塞...,2015,澳大利亚 美国,动作 科幻 冒险
218,新龙门客栈 / 新龍門客棧 / New Dragon Gate Inn,https://movie.douban.com/subject/1292287/,8.7,416765,导演: 李惠民 Raymond Lee,主演: 张曼玉 Maggie Cheung / 林青霞 Brigitte ...,1992,中国香港 中国大陆,动作 爱情 武侠 古装
219,奇迹男孩 / Wonder / 奇迹,https://movie.douban.com/subject/26787574/,8.6,527172,导演: 斯蒂芬·卓博斯基 Stephen Chbosky,主演: 雅各布·特伦布莱 Jacob Tr...,2017,美国 中国香港,剧情 儿童 家庭
220,二十二 / Twenty Two  /  22,https://movie.douban.com/subject/26430107/,8.7,279939,导演: 郭柯 Ke Guo,主演: ,2015,中国大陆,纪录片
221,无耻混蛋 / Inglourious Basterds / 希魔撞正杀人狂(港)  /  恶棍特工(台),https://movie.douban.com/subject/1438652/,8.6,446078,导演: Quentin Tarantino,主演: 布拉德·皮特 Brad Pitt / 梅拉尼·罗兰 M...,2009,德国 美国,剧情 犯罪
222,房间 / Room / 不存在的房间(台)  /  抖室(港),https://movie.douban.com/subject/25724855/,8.8,354246,导演: 伦尼·阿伯拉罕森 Lenny Abrahamson,主演: 布丽·拉尔森 Brie Larson...,2015,爱尔兰 加拿大 英国 美国,剧情 家庭
223,千钧一发 / Gattaca / 变种异煞(港)  /  自然人,https://movie.douban.com/subject/1300117/,8.8,272272,导演: 安德鲁·尼科尔 Andrew Niccol,主演: 伊桑·霍克 Ethan Hawke / 乌玛...,1997,美国,剧情 科幻 惊悚
224,血钻 / Blood Diamond / 血钻石(台)  /  血腥钻石,https://movie.douban.com/subject/1428175/,8.7,357353,导演: 爱德华·兹威克 Edward Zwick,主演: 莱昂纳多·迪卡普里奥 Leonardo ...,2006,美国 德国 英国,剧情 惊悚 冒险
225,崖上的波妞 / 崖の上のポニョ / 悬崖上的金鱼姬  /  悬崖上的金鱼公主,https://movie.douban.com/subject/1959877/,8.6,455533,导演: 宫崎骏 Hayao Miyazaki,主演: 奈良柚莉爱 Yuria Nara / 土井洋辉 Hir...,2008,日本,动画 奇幻 冒险
226,彗星来的那一夜 / Coherence / 相干性  /  相干效应,https://movie.douban.com/subject/25807345/,8.5,531382,导演: 詹姆斯·沃德·布柯特 James Ward Byrkit,主演: 艾米丽·芭尔多尼 Em...,2013,美国 英国,科幻 悬疑 惊悚
227,黑客帝国2：重装上阵 / The Matrix Reloaded / 22世纪杀人网络2：决战未来(港)  /  骇客任务：重装上阵(台),https://movie.douban.com/subject/1304141/,8.7,383332,导演: 拉娜·沃卓斯基 Lana Wachowski / 莉莉·沃卓斯基 Lilly Wachowski,...,2003,美国,动作 科幻
228,步履不停 / 歩いても 歩いても / 横山家之味(港 / 台) ,https://movie.douban.com/subject/2222996/,8.8,261732,导演: 是枝裕和 Hirokazu Koreeda,主演: 阿部宽 Hiroshi Abe / 夏川结衣 Yu...,2008,日本,剧情 家庭
229,魂断蓝桥 / Waterloo Bridge / 滑铁卢桥  /  断桥残梦,https://movie.douban.com/subject/1293964/,8.8,261596,导演: 茂文·勒鲁瓦 Mervyn LeRoy,主演: 费雯·丽 Vivien Leigh / 罗伯特·...,1940,美国,剧情 爱情 战争
230,战争之王 / Lord of War / 军火之王(台 / 港) ,https://movie.douban.com/subject/1419936/,8.7,344257,导演: 安德鲁·尼科尔 Andrew Niccol,主演: 尼古拉斯·凯奇 Nicolas Cage /...,2005,法国 德国 美国,剧情 犯罪
231,爱乐之城 / La La Land / 星声梦里人(港)  /  乐来越爱你(台),https://movie.douban.com/subject/25934014/,8.4,827340,导演: 达米恩·查泽雷 Damien Chazelle,主演: 瑞恩·高斯林 Ryan Gosling /...,2016,美国,剧情 爱情 歌舞
232,末路狂花 / Thelma & Louise / 塞尔玛与路易丝  /  末路狂花,https://movie.douban.com/subject/1291992/,8.9,225556,导演: 雷德利·斯科特 Ridley Scott,主演: 吉娜·戴维斯 Geena Davis / 苏...,1991,美国 英国 法国,犯罪 剧情 惊悚
233,谍影重重2 / The Bourne Supremacy / 叛谍追击2：机密圈套(港)  /  神鬼认证：神鬼疑云(台),https://movie.douban.com/subject/1308767/,8.7,332224,导演: 保罗·格林格拉斯 Paul Greengrass,主演: 马特·达蒙 Matt Damon / ...,2004,美国 德国,动作 悬疑 惊悚
234,火星救援 / The Martian / 火星任务(港)  /  绝地救援(台),https://movie.douban.com/subject/25864085/,8.5,676651,导演: 雷德利·斯科特 Ridley Scott,主演: 马特·达蒙 Matt Damon / 杰西卡...,2015,英国 美国 匈牙利 约旦,剧情 科幻 冒险
235,燃情岁月 / Legends of the Fall / 秋日传奇  /  真爱一世情(台),https://movie.douban.com/subject/1295865/,8.8,272057,导演: 爱德华·兹威克 Edward Zwick,主演: 布拉德·皮特 Brad Pitt / 安东...,1994,美国,剧情 爱情 战争 西部
236,千年女优 / 千年女優 / Millennium Actress,https://movie.douban.com/subject/1307394/,8.8,242418,导演: 今敏 Satoshi Kon,主演: 庄司美代子 Miyoko Shôji / 小山茉美 Mam...,2001,日本,动画 剧情 爱情
237,阿飞正传 / 阿飛正傳 / Days of Being Wild,https://movie.douban.com/subject/1305690/,8.5,477831,导演: 王家卫 Kar Wai Wong,主演: 张国荣 Leslie Cheung / 张曼玉 Maggie C...,1990,中国香港,犯罪 剧情 爱情
238,再次出发之纽约遇见你 / Begin Again / 再次出发  /  歌曲改变人生,https://movie.douban.com/subject/6874403/,8.6,404917,导演: 约翰·卡尼 John Carney,主演: 凯拉·奈特莉 Keira Knightley / 马克...,2013,美国,喜剧 爱情 音乐
239,谍影重重 / The Bourne Identity / 叛谍追击(港)  /  神鬼认证(台),https://movie.douban.com/subject/1304102/,8.6,400069,导演: 道格·里曼 Doug Liman,主演: 马特·达蒙 Matt Damon / 弗兰卡·波坦...,2002,美国 德国 捷克,动作 悬疑 惊悚
240,花束般的恋爱 / 花束みたいな恋をした / 她和他的恋爱花期(港)  /  Hanataba mitaina koi o shita,https://movie.douban.com/subject/34874432/,8.6,512498,导演: 土井裕泰 Nobuhiro Doi,主演: 菅田将晖 Masaki Suda / 有村架纯 Kasu...,2021,日本,剧情 爱情
241,朗读者 / The Reader / 为爱朗读(台)  /  读爱(港),https://movie.douban.com/subject/2213597/,8.6,435879,导演: 史蒂芬·戴德利 Stephen Daldry,主演: 凯特·温丝莱特 Kate Winslet ...,2008,美国 德国,剧情 爱情
242,海洋 / Océans / Oceans  /  海洋,https://movie.douban.com/subject/3443389/,9.1,151970,导演: 雅克·贝汉 Jacques Perrin / 雅克·克鲁奥德 Jacques Cluzaud,主演:...,2009,法国 瑞士 西班牙 美国 阿联酋 摩纳哥,纪录片
243,香水 / Perfume: The Story of a Murderer / 香水：一个杀人犯的故事  /  香水：一个谋杀犯的故事,https://movie.douban.com/subject/1760622/,8.5,519739,导演: 汤姆·提克威 Tom Tykwer,主演: 本·卫肖 Ben Whishaw / 艾伦·瑞克...,2006,德国 法国 西班牙 美国 比利时,剧情 犯罪 奇幻
244,穿越时空的少女 / 時をかける少女 / 跳跃吧！时空少女(台)  /  Toki o kakeru shôjo,https://movie.douban.com/subject/1937946/,8.6,363169,导演: 细田守 Mamoru Hosoda,主演: 仲里依纱 Riisa Naka / 石田卓也 Takuya...,2006,日本,剧情 爱情 科幻 动画
245,地球上的星星 / Taare Zameen Par / 心中的小星星(台)  /  每一个孩子都是特别的,https://movie.douban.com/subject/2363506/,8.9,194099,导演: 阿米尔·汗 Aamir Khan,主演: 达席尔·萨法瑞 Darsheel Safary / 阿...,2007,印度,剧情 儿童 家庭
246,我爱你 / 그대를 사랑합니다 / 爱你  /  爱，是一生相伴(台),https://movie.douban.com/subject/5908478/,9.0,156759,导演: 秋昌民 Chang-min Choo,主演: 宋在河 Jae-ho Song / 李顺载 Soon-jae...,2011,韩国,剧情 爱情
247,弱点 / The Blind Side / 守护有心人(港)  /  攻其不备(台),https://movie.douban.com/subject/3552028/,8.7,277758,导演: 约翰·李·汉考克 John Lee Hancock,主演: 桑德拉·布洛克 Sandra Bu...,2009,美国,剧情 家庭 传记 运动
248,哈利·波特与死亡圣器(上) / Harry Potter and the Deathly Hallows: Part 1 / 哈利波特7：死神的圣物1(港 / 台) ,https://movie.douban.com/subject/2051007/,8.5,520680,导演: 大卫·叶茨 David Yates,主演: 丹尼尔·雷德克里夫 Daniel Radcliffe...,2010,英国 美国,奇幻 冒险
249,完美陌生人 / Perfetti sconosciuti / 完美谎情(港)  /  波动的信息分享,https://movie.douban.com/subject/26614893/,8.5,500092,导演: 保罗·格诺维瑟 Paolo Genovese,主演: 马可·贾利尼 Marco Giallini ...,2016,意大利,剧情 喜剧
